states,indicators,Date,Value
Nassarawa,"Pupils in Primary School, Total",1999,376561
Nassarawa,"Pupils in Primary School, Total",2000,366949
Nassarawa,"Pupils in Primary School, Total",2001,341029
Nassarawa,"Pupils in Primary School, Total",2002,339890
Nassarawa,"Pupils in Primary School, Total",2003,339890
Nassarawa,"Pupils in Primary School, Total",2004,424902
Nassarawa,"Pupils in Primary School, Total",2005,449811
Nassarawa,"Pupils in Primary School, Total",2006,490086
Nassarawa,"Pupils in Primary School, Total",2007,384904
Nassarawa,"Pupils in Primary School, Total",2008,328303
Nassarawa,"Pupils in Primary School, Total",2009,306217
Nassarawa,"Number of nomadic primary school, Total",2004,51
Nassarawa,"Number of nomadic primary school, Total",2005,53
Nassarawa,"Number of nomadic primary school, Total",2006,53
Nassarawa,"Number of nomadic primary school, Total",2007,53
Nassarawa,"Number of nomadic primary school, Total",2008,40
Nassarawa,"Number of nomadic primary school pupils, Total",2004,7328
Nassarawa,"Number of nomadic primary school pupils, Total",2005,7364
Nassarawa,"Number of nomadic primary school pupils, Total",2006,7364
Nassarawa,"Number of nomadic primary school pupils, Total",2007,7364
Nassarawa,"Number of nomadic primary school pupils, Total",2008,6408
Nassarawa,"Private secondary schools, Total",2006,46
Nassarawa,"Private secondary schools, Total",2007,75
Nassarawa,"Public Primary School, Total",2005,1276
Nassarawa,"Public Primary School, Total",2006,1305
Nassarawa,"Public Primary School, Total",2007,1130
Nassarawa,"Public Primary School, Total",2008,1411
Nassarawa,"Public Primary School, Total",2009,1652
Nassarawa,"Public Secondary schools, Total",2005,276
Nassarawa,"Public Secondary schools, Total",2006,276
Nassarawa,"Public Secondary schools, Total",2007,483
Nassarawa,"Public Secondary schools, Total",2008,483
Nassarawa,"Public Secondary schools, Total",2009,483
Abuja,"Pupils in Primary School, Total",1999,131003
Abuja,"Pupils in Primary School, Total",2000,166415
Abuja,"Pupils in Primary School, Total",2001,162912
Abuja,"Pupils in Primary School, Total",2002,193217
Abuja,"Pupils in Primary School, Total",2003,193217
Abuja,"Pupils in Primary School, Total",2004,191540
Abuja,"Pupils in Primary School, Total",2005,196249
Abuja,"Pupils in Primary School, Total",2006,334394
Abuja,"Pupils in Primary School, Total",2007,240549
Abuja,"Pupils in Primary School, Total",2008,226732
Abuja,"Pupils in Primary School, Total",2009,182222
Abuja,"Number of nomadic primary school, Total",2004,39
Abuja,"Number of nomadic primary school, Total",2005,41
Abuja,"Number of nomadic primary school, Total",2006,41
Abuja,"Number of nomadic primary school, Total",2007,41
Abuja,"Number of nomadic primary school, Total",2008,30
Abuja,"Number of nomadic primary school pupils, Total",2004,3905
Abuja,"Number of nomadic primary school pupils, Total",2005,3945
Abuja,"Number of nomadic primary school pupils, Total",2006,3945
Abuja,"Number of nomadic primary school pupils, Total",2007,3945
Abuja,"Number of nomadic primary school pupils, Total",2008,4182
Abuja,"Private secondary schools, Total",2006,20
Abuja,"Private secondary schools, Total",2007,64
Abuja,"Public Primary School, Total",2005,435
Abuja,"Public Primary School, Total",2006,448
Abuja,"Public Primary School, Total",2007,454
Abuja,"Public Primary School, Total",2008,465
Abuja,"Public Primary School, Total",2009,477
Abuja,"Public Secondary schools, Total",2005,69
Abuja,"Public Secondary schools, Total",2006,69
Abuja,"Public Secondary schools, Total",2007,85
Abuja,"Public Secondary schools, Total",2008,85
Abuja,"Public Secondary schools, Total",2009,85
Abia,"Pupils in Primary School, Total",1999,333767
Abia,"Pupils in Primary School, Total",2000,653473
Abia,"Pupils in Primary School, Total",2001,731611
Abia,"Pupils in Primary School, Total",2002,671595
Abia,"Pupils in Primary School, Total",2003,671595
Abia,"Pupils in Primary School, Total",2004,388924
Abia,"Pupils in Primary School, Total",2005,395386
Abia,"Pupils in Primary School, Total",2006,291472
Abia,"Pupils in Primary School, Total",2007,249733
Abia,"Pupils in Primary School, Total",2008,228694
Abia,"Pupils in Primary School, Total",2009,237535
Abia,"Number of nomadic primary school, Total",2004,6
Abia,"Number of nomadic primary school, Total",2005,8
Abia,"Number of nomadic primary school, Total",2006,9
Abia,"Number of nomadic primary school, Total",2007,81
Abia,"Number of nomadic primary school, Total",2008,86
Abia,"Number of nomadic primary school pupils, Total",2004,1246
Abia,"Number of nomadic primary school pupils, Total",2005,1308
Abia,"Number of nomadic primary school pupils, Total",2006,1387
Abia,"Number of nomadic primary school pupils, Total",2007,5506
Abia,"Number of nomadic primary school pupils, Total",2008,15183
Abia,"Private secondary schools, Total",2006,144
Abia,"Private secondary schools, Total",2007,222
Abia,"Private secondary schools, Total",2008,240
Abia,"Private secondary schools, Total",2009,280
Abia,"Public Primary School, Total",2005,958
Abia,"Public Primary School, Total",2006,1458
Abia,"Public Primary School, Total",2007,1483
Abia,"Public Primary School, Total",2008,1518
Abia,"Public Primary School, Total",2009,1605
Abia,"Public Secondary schools, Total",2005,231
Abia,"Public Secondary schools, Total",2006,231
Abia,"Public Secondary schools, Total",2007,653
Abia,"Public Secondary schools, Total",2008,653
Abia,"Public Secondary schools, Total",2009,653
Adamawa,"Pupils in Primary School, Total",1999,514647
Adamawa,"Pupils in Primary School, Total",2000,512983
Adamawa,"Pupils in Primary School, Total",2001,451703
Adamawa,"Pupils in Primary School, Total",2002,509617
Adamawa,"Pupils in Primary School, Total",2003,509617
Adamawa,"Pupils in Primary School, Total",2004,428903
Adamawa,"Pupils in Primary School, Total",2005,414678
Adamawa,"Pupils in Primary School, Total",2006,443143
Adamawa,"Pupils in Primary School, Total",2007,405232
Adamawa,"Pupils in Primary School, Total",2008,387663
Adamawa,"Pupils in Primary School, Total",2009,378433
Adamawa,"Number of nomadic primary school, Total",2004,74
Adamawa,"Number of nomadic primary school, Total",2005,77
Adamawa,"Number of nomadic primary school, Total",2006,77
Adamawa,"Number of nomadic primary school, Total",2007,77
Adamawa,"Number of nomadic primary school, Total",2008,79
Adamawa,"Number of nomadic primary school pupils, Total",2004,7329
Adamawa,"Number of nomadic primary school pupils, Total",2005,7400
Adamawa,"Number of nomadic primary school pupils, Total",2006,7400
Adamawa,"Number of nomadic primary school pupils, Total",2007,7400
Adamawa,"Number of nomadic primary school pupils, Total",2008,10197
Adamawa,"Private secondary schools, Total",2006,6
Adamawa,"Private secondary schools, Total",2007,22
Adamawa,"Public Primary School, Total",2005,1668
Adamawa,"Public Primary School, Total",2006,1614
Adamawa,"Public Primary School, Total",2007,1623
Adamawa,"Public Primary School, Total",2008,1680
Adamawa,"Public Primary School, Total",2009,1890
Adamawa,"Public Secondary schools, Total",2005,125
Adamawa,"Public Secondary schools, Total",2006,125
Adamawa,"Public Secondary schools, Total",2007,296
Adamawa,"Public Secondary schools, Total",2008,296
Adamawa,"Public Secondary schools, Total",2009,296
Akwa Ibom,"Pupils in Primary School, Total",1999,792967
Akwa Ibom,"Pupils in Primary School, Total",2000,651626
Akwa Ibom,"Pupils in Primary School, Total",2001,727846
Akwa Ibom,"Pupils in Primary School, Total",2002,1011599
Akwa Ibom,"Pupils in Primary School, Total",2003,1011599
Akwa Ibom,"Pupils in Primary School, Total",2004,1466622
Akwa Ibom,"Pupils in Primary School, Total",2005,1491960
Akwa Ibom,"Pupils in Primary School, Total",2006,775319
Akwa Ibom,"Pupils in Primary School, Total",2007,1382050
Akwa Ibom,"Pupils in Primary School, Total",2008,820171
Akwa Ibom,"Pupils in Primary School, Total",2009,855007
Akwa Ibom,"Number of nomadic primary school, Total",2004,14
Akwa Ibom,"Number of nomadic primary school, Total",2005,16
Akwa Ibom,"Number of nomadic primary school, Total",2006,16
Akwa Ibom,"Number of nomadic primary school, Total",2007,16
Akwa Ibom,"Number of nomadic primary school, Total",2008,39
Akwa Ibom,"Number of nomadic primary school pupils, Total",2004,6225
Akwa Ibom,"Number of nomadic primary school pupils, Total",2005,6285
Akwa Ibom,"Number of nomadic primary school pupils, Total",2006,6285
Akwa Ibom,"Number of nomadic primary school pupils, Total",2007,6285
Akwa Ibom,"Number of nomadic primary school pupils, Total",2008,6285
Akwa Ibom,"Private secondary schools, Total",2006,58
Akwa Ibom,"Private secondary schools, Total",2007,120
Akwa Ibom,"Public Primary School, Total",2005,1318
Akwa Ibom,"Public Primary School, Total",2006,1141
Akwa Ibom,"Public Primary School, Total",2007,1143
Akwa Ibom,"Public Primary School, Total",2008,1143
Akwa Ibom,"Public Primary School, Total",2009,1146
Akwa Ibom,"Public Secondary schools, Total",2005,325
Akwa Ibom,"Public Secondary schools, Total",2006,325
Akwa Ibom,"Public Secondary schools, Total",2007,608
Akwa Ibom,"Public Secondary schools, Total",2008,608
Akwa Ibom,"Public Secondary schools, Total",2009,608
Anambra,"Pupils in Primary School, Total",1999,321725
Anambra,"Pupils in Primary School, Total",2000,338748
Anambra,"Pupils in Primary School, Total",2001,326783
Anambra,"Pupils in Primary School, Total",2002,402947
Anambra,"Pupils in Primary School, Total",2003,402947
Anambra,"Pupils in Primary School, Total",2004,505562
Anambra,"Pupils in Primary School, Total",2005,514713
Anambra,"Pupils in Primary School, Total",2006,411412
Anambra,"Pupils in Primary School, Total",2007,439484
Anambra,"Pupils in Primary School, Total",2008,513421
Anambra,"Pupils in Primary School, Total",2009,584170
Anambra,"Number of nomadic primary school, Total",2004,94
Anambra,"Number of nomadic primary school, Total",2005,94
Anambra,"Number of nomadic primary school, Total",2006,125
Anambra,"Number of nomadic primary school, Total",2007,92
Anambra,"Number of nomadic primary school, Total",2008,92
Anambra,"Number of nomadic primary school pupils, Total",2004,14468
Anambra,"Number of nomadic primary school pupils, Total",2005,14561
Anambra,"Number of nomadic primary school pupils, Total",2006,17053
Anambra,"Number of nomadic primary school pupils, Total",2007,15466
Anambra,"Number of nomadic primary school pupils, Total",2008,13908
Anambra,"Private secondary schools, Total",2006,25
Anambra,"Private secondary schools, Total",2007,351
Anambra,"Public Primary School, Total",2005,1260
Anambra,"Public Primary School, Total",2006,1339
Anambra,"Public Primary School, Total",2007,1029
Anambra,"Public Primary School, Total",2008,1367
Anambra,"Public Primary School, Total",2009,1038
Anambra,"Public Secondary schools, Total",2005,333
Anambra,"Public Secondary schools, Total",2006,333
Anambra,"Public Secondary schools, Total",2007,504
Anambra,"Public Secondary schools, Total",2008,504
Anambra,"Public Secondary schools, Total",2009,504
Bauchi,"Pupils in Primary School, Total",1999,399460
Bauchi,"Pupils in Primary School, Total",2000,777741
Bauchi,"Pupils in Primary School, Total",2001,949574
Bauchi,"Pupils in Primary School, Total",2002,654151
Bauchi,"Pupils in Primary School, Total",2003,654151
Bauchi,"Pupils in Primary School, Total",2004,1233691
Bauchi,"Pupils in Primary School, Total",2005,1294653
Bauchi,"Pupils in Primary School, Total",2006,951935
Bauchi,"Pupils in Primary School, Total",2007,823194
Bauchi,"Pupils in Primary School, Total",2008,682836
Bauchi,"Pupils in Primary School, Total",2009,823194
Bauchi,"Number of nomadic primary school, Total",2004,120
Bauchi,"Number of nomadic primary school, Total",2005,125
Bauchi,"Number of nomadic primary school, Total",2006,125
Bauchi,"Number of nomadic primary school, Total",2007,125
Bauchi,"Number of nomadic primary school, Total",2008,149
Bauchi,"Number of nomadic primary school pupils, Total",2004,31472
Bauchi,"Number of nomadic primary school pupils, Total",2005,31752
Bauchi,"Number of nomadic primary school pupils, Total",2006,31752
Bauchi,"Number of nomadic primary school pupils, Total",2007,31752
Bauchi,"Number of nomadic primary school pupils, Total",2008,24458
Bauchi,"Private secondary schools, Total",2006,30
Bauchi,"Private secondary schools, Total",2007,111
Bauchi,"Public Primary School, Total",2005,1908
Bauchi,"Public Primary School, Total",2006,2274
Bauchi,"Public Primary School, Total",2007,2336
Bauchi,"Public Primary School, Total",2008,2601
Bauchi,"Public Primary School, Total",2009,2601
Bauchi,"Public Secondary schools, Total",2005,153
Bauchi,"Public Secondary schools, Total",2006,153
Bauchi,"Public Secondary schools, Total",2007,288
Bauchi,"Public Secondary schools, Total",2008,288
Bauchi,"Public Secondary schools, Total",2009,288
Bayelsa,"Pupils in Primary School, Total",1999,304859
Bayelsa,"Pupils in Primary School, Total",2000,391047
Bayelsa,"Pupils in Primary School, Total",2001,380710
Bayelsa,"Pupils in Primary School, Total",2002,272317
Bayelsa,"Pupils in Primary School, Total",2003,272317
Bayelsa,"Pupils in Primary School, Total",2004,439336
Bayelsa,"Pupils in Primary School, Total",2005,480504
Bayelsa,"Pupils in Primary School, Total",2006,448658
Bayelsa,"Pupils in Primary School, Total",2007,409129
Bayelsa,"Pupils in Primary School, Total",2008,462827
Bayelsa,"Pupils in Primary School, Total",2009,409129
Bayelsa,"Number of nomadic primary school, Total",2004,52
Bayelsa,"Number of nomadic primary school, Total",2005,65
Bayelsa,"Number of nomadic primary school, Total",2006,65
Bayelsa,"Number of nomadic primary school, Total",2007,65
Bayelsa,"Number of nomadic primary school, Total",2008,56
Bayelsa,"Number of nomadic primary school pupils, Total",2004,14577
Bayelsa,"Number of nomadic primary school pupils, Total",2005,14727
Bayelsa,"Number of nomadic primary school pupils, Total",2006,14727
Bayelsa,"Number of nomadic primary school pupils, Total",2007,14727
Bayelsa,"Number of nomadic primary school pupils, Total",2008,14727
Bayelsa,"Private secondary schools, Total",2006,7
Bayelsa,"Private secondary schools, Total",2007,22
Bayelsa,"Public Primary School, Total",2005,559
Bayelsa,"Public Primary School, Total",2006,535
Bayelsa,"Public Primary School, Total",2007,537
Bayelsa,"Public Primary School, Total",2008,537
Bayelsa,"Public Primary School, Total",2009,537
Bayelsa,"Public Secondary schools, Total",2005,166
Bayelsa,"Public Secondary schools, Total",2006,166
Bayelsa,"Public Secondary schools, Total",2007,297
Bayelsa,"Public Secondary schools, Total",2008,297
Bayelsa,"Public Secondary schools, Total",2009,297
Benue,"Pupils in Primary School, Total",1999,764994
Benue,"Pupils in Primary School, Total",2000,584352
Benue,"Pupils in Primary School, Total",2001,571665
Benue,"Pupils in Primary School, Total",2002,690243
Benue,"Pupils in Primary School, Total",2003,690243
Benue,"Pupils in Primary School, Total",2004,908772
Benue,"Pupils in Primary School, Total",2005,926500
Benue,"Pupils in Primary School, Total",2006,705104
Benue,"Pupils in Primary School, Total",2007,758853
Benue,"Pupils in Primary School, Total",2008,818064
Benue,"Pupils in Primary School, Total",2009,762085
Benue,"Number of nomadic primary school, Total",2004,47
Benue,"Number of nomadic primary school, Total",2005,49
Benue,"Number of nomadic primary school, Total",2006,100
Benue,"Number of nomadic primary school, Total",2007,100
Benue,"Number of nomadic primary school, Total",2008,92
Benue,"Number of nomadic primary school pupils, Total",2004,6398
Benue,"Number of nomadic primary school pupils, Total",2005,6811
Benue,"Number of nomadic primary school pupils, Total",2006,16784
Benue,"Number of nomadic primary school pupils, Total",2007,16784
Benue,"Number of nomadic primary school pupils, Total",2008,5306
Benue,"Private secondary schools, Total",2006,223
Benue,"Private secondary schools, Total",2007,422
Benue,"Private secondary schools, Total",2009,438
Benue,"Public Primary School, Total",2005,2713
Benue,"Public Primary School, Total",2006,4340
Benue,"Public Primary School, Total",2007,2487
Benue,"Public Primary School, Total",2008,2511
Benue,"Public Primary School, Total",2009,4486
Benue,"Public Secondary schools, Total",2005,377
Benue,"Public Secondary schools, Total",2006,377
Benue,"Public Secondary schools, Total",2007,749
Benue,"Public Secondary schools, Total",2008,749
Benue,"Public Secondary schools, Total",2009,749
Borno,"Pupils in Primary School, Total",1999,740421
Borno,"Pupils in Primary School, Total",2000,521755
Borno,"Pupils in Primary School, Total",2001,481759
Borno,"Pupils in Primary School, Total",2002,572927
Borno,"Pupils in Primary School, Total",2003,572927
Borno,"Pupils in Primary School, Total",2004,746797
Borno,"Pupils in Primary School, Total",2005,791415
Borno,"Pupils in Primary School, Total",2006,789486
Borno,"Pupils in Primary School, Total",2007,717175
Borno,"Pupils in Primary School, Total",2008,512619
Borno,"Pupils in Primary School, Total",2009,543921
Borno,"Number of nomadic primary school, Total",2004,110
Borno,"Number of nomadic primary school, Total",2005,110
Borno,"Number of nomadic primary school, Total",2006,110
Borno,"Number of nomadic primary school, Total",2007,110
Borno,"Number of nomadic primary school, Total",2008,69
Borno,"Number of nomadic primary school pupils, Total",2004,19815
Borno,"Number of nomadic primary school pupils, Total",2005,19926
Borno,"Number of nomadic primary school pupils, Total",2006,19928
Borno,"Number of nomadic primary school pupils, Total",2007,19928
Borno,"Number of nomadic primary school pupils, Total",2008,16896
Borno,"Private secondary schools, Total",2006,22
Borno,"Private secondary schools, Total",2007,25
Borno,"Private secondary schools, Total",2008,30
Borno,"Private secondary schools, Total",2009,73
Borno,"Public Primary School, Total",2005,1476
Borno,"Public Primary School, Total",2006,1573
Borno,"Public Primary School, Total",2007,1585
Borno,"Public Primary School, Total",2008,1617
Borno,"Public Primary School, Total",2009,1668
Borno,"Public Secondary schools, Total",2005,113
Borno,"Public Secondary schools, Total",2006,113
Borno,"Public Secondary schools, Total",2007,206
Borno,"Public Secondary schools, Total",2008,206
Borno,"Public Secondary schools, Total",2009,206
Cross River,"Pupils in Primary School, Total",1999,255659
Cross River,"Pupils in Primary School, Total",2000,418503
Cross River,"Pupils in Primary School, Total",2001,409219
Cross River,"Pupils in Primary School, Total",2002,486394
Cross River,"Pupils in Primary School, Total",2003,486394
Cross River,"Pupils in Primary School, Total",2004,460151
Cross River,"Pupils in Primary School, Total",2005,457589
Cross River,"Pupils in Primary School, Total",2006,357762
Cross River,"Pupils in Primary School, Total",2007,338265
Cross River,"Pupils in Primary School, Total",2008,319339
Cross River,"Pupils in Primary School, Total",2009,243079
Cross River,"Number of nomadic primary school, Total",2004,52
Cross River,"Number of nomadic primary school, Total",2005,54
Cross River,"Number of nomadic primary school, Total",2006,122
Cross River,"Number of nomadic primary school, Total",2007,122
Cross River,"Number of nomadic primary school, Total",2008,48
Cross River,"Number of nomadic primary school pupils, Total",2004,12635
Cross River,"Number of nomadic primary school pupils, Total",2005,12816
Cross River,"Number of nomadic primary school pupils, Total",2006,22620
Cross River,"Number of nomadic primary school pupils, Total",2007,22620
Cross River,"Number of nomadic primary school pupils, Total",2008,7455
Cross River,"Private secondary schools, Total",2006,61
Cross River,"Private secondary schools, Total",2007,305
Cross River,"Public Primary School, Total",2005,1043
Cross River,"Public Primary School, Total",2006,1032
Cross River,"Public Primary School, Total",2007,1032
Cross River,"Public Primary School, Total",2008,1016
Cross River,"Public Primary School, Total",2009,1017
Cross River,"Public Secondary schools, Total",2005,251
Cross River,"Public Secondary schools, Total",2006,251
Cross River,"Public Secondary schools, Total",2007,487
Cross River,"Public Secondary schools, Total",2008,487
Cross River,"Public Secondary schools, Total",2009,487
Delta,"Pupils in Primary School, Total",1999,264979
Delta,"Pupils in Primary School, Total",2000,589983
Delta,"Pupils in Primary School, Total",2001,561576
Delta,"Pupils in Primary School, Total",2002,642326
Delta,"Pupils in Primary School, Total",2003,642326
Delta,"Pupils in Primary School, Total",2004,386060
Delta,"Pupils in Primary School, Total",2005,383385
Delta,"Pupils in Primary School, Total",2006,338579
Delta,"Pupils in Primary School, Total",2007,327268
Delta,"Pupils in Primary School, Total",2008,401321
Delta,"Pupils in Primary School, Total",2009,327268
Delta,"Number of nomadic primary school, Total",2004,64
Delta,"Number of nomadic primary school, Total",2005,85
Delta,"Number of nomadic primary school, Total",2006,85
Delta,"Number of nomadic primary school, Total",2007,85
Delta,"Number of nomadic primary school, Total",2008,60
Delta,"Number of nomadic primary school pupils, Total",2004,8653
Delta,"Number of nomadic primary school pupils, Total",2005,8721
Delta,"Number of nomadic primary school pupils, Total",2006,8721
Delta,"Number of nomadic primary school pupils, Total",2007,8721
Delta,"Number of nomadic primary school pupils, Total",2008,8721
Delta,"Private secondary schools, Total",2006,213
Delta,"Private secondary schools, Total",2007,394
Delta,"Private secondary schools, Total",2009,349
Delta,"Public Primary School, Total",2005,1509
Delta,"Public Primary School, Total",2006,1146
Delta,"Public Primary School, Total",2007,1173
Delta,"Public Primary School, Total",2008,1173
Delta,"Public Primary School, Total",2009,1006
Delta,"Public Secondary schools, Total",2005,613
Delta,"Public Secondary schools, Total",2006,613
Delta,"Public Secondary schools, Total",2007,1066
Delta,"Public Secondary schools, Total",2008,1066
Delta,"Public Secondary schools, Total",2009,1066
Ebonyi,"Pupils in Primary School, Total",1999,318676
Ebonyi,"Pupils in Primary School, Total",2000,361472
Ebonyi,"Pupils in Primary School, Total",2001,365307
Ebonyi,"Pupils in Primary School, Total",2002,346829
Ebonyi,"Pupils in Primary School, Total",2003,346829
Ebonyi,"Pupils in Primary School, Total",2004,451584
Ebonyi,"Pupils in Primary School, Total",2005,444132
Ebonyi,"Pupils in Primary School, Total",2006,435803
Ebonyi,"Pupils in Primary School, Total",2007,379876
Ebonyi,"Pupils in Primary School, Total",2008,467953
Ebonyi,"Pupils in Primary School, Total",2009,252132
Ebonyi,"Number of nomadic primary school, Total",2004,15
Ebonyi,"Number of nomadic primary school, Total",2005,15
Ebonyi,"Number of nomadic primary school, Total",2006,15
Ebonyi,"Number of nomadic primary school, Total",2007,15
Ebonyi,"Number of nomadic primary school, Total",2008,37
Ebonyi,"Number of nomadic primary school pupils, Total",2004,6547
Ebonyi,"Number of nomadic primary school pupils, Total",2005,6566
Ebonyi,"Number of nomadic primary school pupils, Total",2006,6566
Ebonyi,"Number of nomadic primary school pupils, Total",2007,5347
Ebonyi,"Number of nomadic primary school pupils, Total",2008,7470
Ebonyi,"Private secondary schools, Total",2006,8
Ebonyi,"Private secondary schools, Total",2007,52
Ebonyi,"Public Primary School, Total",2005,957
Ebonyi,"Public Primary School, Total",2006,1676
Ebonyi,"Public Primary School, Total",2007,1737
Ebonyi,"Public Primary School, Total",2008,1817
Ebonyi,"Public Primary School, Total",2009,1138
Ebonyi,"Public Secondary schools, Total",2005,181
Ebonyi,"Public Secondary schools, Total",2006,181
Ebonyi,"Public Secondary schools, Total",2007,103
Ebonyi,"Public Secondary schools, Total",2008,103
Ebonyi,"Public Secondary schools, Total",2009,103
Edo,"Pupils in Primary School, Total",1999,319436
Edo,"Pupils in Primary School, Total",2000,718486
Edo,"Pupils in Primary School, Total",2001,730724
Edo,"Pupils in Primary School, Total",2002,465310
Edo,"Pupils in Primary School, Total",2003,465310
Edo,"Pupils in Primary School, Total",2004,297984
Edo,"Pupils in Primary School, Total",2005,292989
Edo,"Pupils in Primary School, Total",2006,281880
Edo,"Pupils in Primary School, Total",2007,235652
Edo,"Pupils in Primary School, Total",2008,199315
Edo,"Pupils in Primary School, Total",2009,235652
Edo,"Number of nomadic primary school, Total",2004,47
Edo,"Number of nomadic primary school, Total",2005,48
Edo,"Number of nomadic primary school, Total",2006,65
Edo,"Number of nomadic primary school, Total",2007,65
Edo,"Number of nomadic primary school, Total",2008,68
Edo,"Number of nomadic primary school pupils, Total",2004,14807
Edo,"Number of nomadic primary school pupils, Total",2005,14834
Edo,"Number of nomadic primary school pupils, Total",2006,16745
Edo,"Number of nomadic primary school pupils, Total",2007,16745
Edo,"Number of nomadic primary school pupils, Total",2008,16745
Edo,"Private secondary schools, Total",2006,173
Edo,"Private secondary schools, Total",2007,463
Edo,"Public Primary School, Total",2005,1263
Edo,"Public Primary School, Total",2006,1241
Edo,"Public Primary School, Total",2007,1266
Edo,"Public Primary School, Total",2008,1290
Edo,"Public Primary School, Total",2009,1288
Edo,"Public Secondary schools, Total",2005,540
Edo,"Public Secondary schools, Total",2006,540
Edo,"Public Secondary schools, Total",2007,918
Edo,"Public Secondary schools, Total",2008,918
Edo,"Public Secondary schools, Total",2009,918
Ekiti,"Pupils in Primary School, Total",1999,269760
Ekiti,"Pupils in Primary School, Total",2000,384959
Ekiti,"Pupils in Primary School, Total",2001,462926
Ekiti,"Pupils in Primary School, Total",2002,457191
Ekiti,"Pupils in Primary School, Total",2003,457191
Ekiti,"Pupils in Primary School, Total",2004,192701
Ekiti,"Pupils in Primary School, Total",2005,188295
Ekiti,"Pupils in Primary School, Total",2006,473904
Ekiti,"Pupils in Primary School, Total",2007,500894
Ekiti,"Pupils in Primary School, Total",2008,167095
Ekiti,"Pupils in Primary School, Total",2009,126105
Ekiti,"Number of nomadic primary school, Total",2004,10
Ekiti,"Number of nomadic primary school, Total",2005,10
Ekiti,"Number of nomadic primary school, Total",2006,10
Ekiti,"Number of nomadic primary school, Total",2007,10
Ekiti,"Number of nomadic primary school, Total",2008,10
Ekiti,"Number of nomadic primary school pupils, Total",2004,1468
Ekiti,"Number of nomadic primary school pupils, Total",2005,1485
Ekiti,"Number of nomadic primary school pupils, Total",2006,1485
Ekiti,"Number of nomadic primary school pupils, Total",2007,1485
Ekiti,"Number of nomadic primary school pupils, Total",2008,1616
Ekiti,"Private secondary schools, Total",2006,13
Ekiti,"Private secondary schools, Total",2007,64
Ekiti,"Public Primary School, Total",2005,878
Ekiti,"Public Primary School, Total",2006,1050
Ekiti,"Public Primary School, Total",2007,1073
Ekiti,"Public Primary School, Total",2008,1153
Ekiti,"Public Primary School, Total",2009,788
Ekiti,"Public Secondary schools, Total",2005,181
Ekiti,"Public Secondary schools, Total",2006,181
Ekiti,"Public Secondary schools, Total",2007,210
Ekiti,"Public Secondary schools, Total",2008,210
Ekiti,"Public Secondary schools, Total",2009,210
Enugu,"Pupils in Primary School, Total",1999,338475
Enugu,"Pupils in Primary School, Total",2000,278867
Enugu,"Pupils in Primary School, Total",2001,233991
Enugu,"Pupils in Primary School, Total",2002,296604
Enugu,"Pupils in Primary School, Total",2003,296604
Enugu,"Pupils in Primary School, Total",2004,285103
Enugu,"Pupils in Primary School, Total",2005,287994
Enugu,"Pupils in Primary School, Total",2006,602289
Enugu,"Pupils in Primary School, Total",2007,294443
Enugu,"Pupils in Primary School, Total",2008,278876
Enugu,"Pupils in Primary School, Total",2009,246751
Enugu,"Number of nomadic primary school, Total",2004,13
Enugu,"Number of nomadic primary school, Total",2005,13
Enugu,"Number of nomadic primary school, Total",2006,70
Enugu,"Number of nomadic primary school, Total",2007,62
Enugu,"Number of nomadic primary school, Total",2008,60
Enugu,"Number of nomadic primary school pupils, Total",2004,485
Enugu,"Number of nomadic primary school pupils, Total",2005,498
Enugu,"Number of nomadic primary school pupils, Total",2006,5990
Enugu,"Number of nomadic primary school pupils, Total",2007,5822
Enugu,"Number of nomadic primary school pupils, Total",2008,5605
Enugu,"Private secondary schools, Total",2006,8
Enugu,"Private secondary schools, Total",2007,102
Enugu,"Public Primary School, Total",2005,1159
Enugu,"Public Primary School, Total",2006,1451
Enugu,"Public Primary School, Total",2007,1164
Enugu,"Public Primary School, Total",2008,1178
Enugu,"Public Primary School, Total",2009,1485
Enugu,"Public Secondary schools, Total",2005,282
Enugu,"Public Secondary schools, Total",2006,282
Enugu,"Public Secondary schools, Total",2007,498
Enugu,"Public Secondary schools, Total",2008,498
Enugu,"Public Secondary schools, Total",2009,498
Gombe,"Pupils in Primary School, Total",1999,341899
Gombe,"Pupils in Primary School, Total",2000,639524
Gombe,"Pupils in Primary School, Total",2001,746658
Gombe,"Pupils in Primary School, Total",2002,490048
Gombe,"Pupils in Primary School, Total",2003,490048
Gombe,"Pupils in Primary School, Total",2004,352568
Gombe,"Pupils in Primary School, Total",2005,366374
Gombe,"Pupils in Primary School, Total",2006,360183
Gombe,"Pupils in Primary School, Total",2007,296832
Gombe,"Pupils in Primary School, Total",2008,323984
Gombe,"Pupils in Primary School, Total",2009,406031
Gombe,"Number of nomadic primary school, Total",2004,74
Gombe,"Number of nomadic primary school, Total",2005,77
Gombe,"Number of nomadic primary school, Total",2006,77
Gombe,"Number of nomadic primary school, Total",2007,77
Gombe,"Number of nomadic primary school, Total",2008,64
Gombe,"Number of nomadic primary school pupils, Total",2004,25098
Gombe,"Number of nomadic primary school pupils, Total",2005,26135
Gombe,"Number of nomadic primary school pupils, Total",2006,26135
Gombe,"Number of nomadic primary school pupils, Total",2007,26135
Gombe,"Number of nomadic primary school pupils, Total",2008,10397
Gombe,"Private secondary schools, Total",2006,40
Gombe,"Private secondary schools, Total",2007,30
Gombe,"Private secondary schools, Total",2009,33
Gombe,"Public Primary School, Total",2005,1314
Gombe,"Public Primary School, Total",2006,1482
Gombe,"Public Primary School, Total",2007,1509
Gombe,"Public Primary School, Total",2008,1559
Gombe,"Public Primary School, Total",2009,1734
Gombe,"Public Secondary schools, Total",2005,157
Gombe,"Public Secondary schools, Total",2006,157
Gombe,"Public Secondary schools, Total",2007,171
Gombe,"Public Secondary schools, Total",2008,171
Gombe,"Public Secondary schools, Total",2009,171
Imo,"Pupils in Primary School, Total",1999,404243
Imo,"Pupils in Primary School, Total",2000,606470
Imo,"Pupils in Primary School, Total",2001,607958
Imo,"Pupils in Primary School, Total",2002,588953
Imo,"Pupils in Primary School, Total",2003,588953
Imo,"Pupils in Primary School, Total",2004,667244
Imo,"Pupils in Primary School, Total",2005,666944
Imo,"Pupils in Primary School, Total",2006,627975
Imo,"Pupils in Primary School, Total",2007,692359
Imo,"Pupils in Primary School, Total",2008,771881
Imo,"Pupils in Primary School, Total",2009,819067
Imo,"Number of nomadic primary school, Total",2004,21
Imo,"Number of nomadic primary school, Total",2005,10
Imo,"Number of nomadic primary school, Total",2006,38
Imo,"Number of nomadic primary school, Total",2007,39
Imo,"Number of nomadic primary school, Total",2008,39
Imo,"Number of nomadic primary school pupils, Total",2004,2059
Imo,"Number of nomadic primary school pupils, Total",2005,960
Imo,"Number of nomadic primary school pupils, Total",2006,3570
Imo,"Number of nomadic primary school pupils, Total",2007,3496
Imo,"Number of nomadic primary school pupils, Total",2008,5324
Imo,"Private secondary schools, Total",2006,78
Imo,"Private secondary schools, Total",2007,168
Imo,"Public Primary School, Total",2005,1466
Imo,"Public Primary School, Total",2006,1270
Imo,"Public Primary School, Total",2007,1270
Imo,"Public Primary School, Total",2008,1270
Imo,"Public Primary School, Total",2009,1269
Imo,"Public Secondary schools, Total",2005,456
Imo,"Public Secondary schools, Total",2006,456
Imo,"Public Secondary schools, Total",2007,380
Imo,"Public Secondary schools, Total",2008,380
Imo,"Public Secondary schools, Total",2009,380
Niger,"Pupils in Primary School, Total",1999,430165
Niger,"Pupils in Primary School, Total",2000,388694
Niger,"Pupils in Primary School, Total",2001,376143
Niger,"Pupils in Primary School, Total",2002,431528
Niger,"Pupils in Primary School, Total",2003,431528
Niger,"Pupils in Primary School, Total",2004,570930
Niger,"Pupils in Primary School, Total",2005,584812
Niger,"Pupils in Primary School, Total",2006,523098
Niger,"Pupils in Primary School, Total",2007,482556
Niger,"Pupils in Primary School, Total",2008,380725
Niger,"Pupils in Primary School, Total",2009,482556
Niger,"Number of nomadic primary school, Total",2004,187
Niger,"Number of nomadic primary school, Total",2005,169
Niger,"Number of nomadic primary school, Total",2006,169
Niger,"Number of nomadic primary school, Total",2007,169
Niger,"Number of nomadic primary school, Total",2008,112
Niger,"Number of nomadic primary school pupils, Total",2004,16883
Niger,"Number of nomadic primary school pupils, Total",2005,17162
Niger,"Number of nomadic primary school pupils, Total",2006,17162
Niger,"Number of nomadic primary school pupils, Total",2007,17162
Niger,"Number of nomadic primary school pupils, Total",2008,17334
Niger,"Private secondary schools, Total",2006,1
Niger,"Private secondary schools, Total",2007,38
Niger,"Public Primary School, Total",2005,2805
Niger,"Public Primary School, Total",2006,3710
Niger,"Public Primary School, Total",2007,3899
Niger,"Public Primary School, Total",2008,3954
Niger,"Public Primary School, Total",2009,3954
Niger,"Public Secondary schools, Total",2005,182
Niger,"Public Secondary schools, Total",2006,182
Niger,"Public Secondary schools, Total",2007,513
Niger,"Public Secondary schools, Total",2008,513
Niger,"Public Secondary schools, Total",2009,513
Lagos,"Pupils in Primary School, Total",1999,511174
Lagos,"Pupils in Primary School, Total",2000,500593
Lagos,"Pupils in Primary School, Total",2001,402442
Lagos,"Pupils in Primary School, Total",2002,538318
Lagos,"Pupils in Primary School, Total",2003,538318
Lagos,"Pupils in Primary School, Total",2004,555308
Lagos,"Pupils in Primary School, Total",2005,523795
Lagos,"Pupils in Primary School, Total",2006,383626
Lagos,"Pupils in Primary School, Total",2007,348303
Lagos,"Pupils in Primary School, Total",2008,406441
Lagos,"Pupils in Primary School, Total",2009,413990
Lagos,"Number of nomadic primary school, Total",2004,10
Lagos,"Number of nomadic primary school, Total",2005,10
Lagos,"Number of nomadic primary school, Total",2006,10
Lagos,"Number of nomadic primary school, Total",2007,10
Lagos,"Number of nomadic primary school, Total",2008,11
Lagos,"Number of nomadic primary school pupils, Total",2004,1950
Lagos,"Number of nomadic primary school pupils, Total",2005,2319
Lagos,"Number of nomadic primary school pupils, Total",2006,2319
Lagos,"Number of nomadic primary school pupils, Total",2007,2319
Lagos,"Number of nomadic primary school pupils, Total",2008,5605
Lagos,"Private secondary schools, Total",2006,49
Lagos,"Private secondary schools, Total",2007,358
Lagos,"Public Primary School, Total",2005,2158
Lagos,"Public Primary School, Total",2006,1179
Lagos,"Public Primary School, Total",2007,1221
Lagos,"Public Primary School, Total",2008,952
Lagos,"Public Primary School, Total",2009,986
Lagos,"Public Secondary schools, Total",2005,799
Lagos,"Public Secondary schools, Total",2006,799
Lagos,"Public Secondary schools, Total",2007,569
Lagos,"Public Secondary schools, Total",2008,569
Lagos,"Public Secondary schools, Total",2009,569
Kwara,"Pupils in Primary School, Total",1999,292299
Kwara,"Pupils in Primary School, Total",2000,314382
Kwara,"Pupils in Primary School, Total",2001,285757
Kwara,"Pupils in Primary School, Total",2002,357111
Kwara,"Pupils in Primary School, Total",2003,357111
Kwara,"Pupils in Primary School, Total",2004,361647
Kwara,"Pupils in Primary School, Total",2005,363583
Kwara,"Pupils in Primary School, Total",2006,426498
Kwara,"Pupils in Primary School, Total",2007,311400
Kwara,"Pupils in Primary School, Total",2008,348938
Kwara,"Pupils in Primary School, Total",2009,201476
Kwara,"Number of nomadic primary school, Total",2004,38
Kwara,"Number of nomadic primary school, Total",2005,45
Kwara,"Number of nomadic primary school, Total",2006,45
Kwara,"Number of nomadic primary school, Total",2007,45
Kwara,"Number of nomadic primary school, Total",2008,35
Kwara,"Number of nomadic primary school pupils, Total",2004,2048
Kwara,"Number of nomadic primary school pupils, Total",2005,2284
Kwara,"Number of nomadic primary school pupils, Total",2006,2284
Kwara,"Number of nomadic primary school pupils, Total",2007,2284
Kwara,"Number of nomadic primary school pupils, Total",2008,4786
Kwara,"Private secondary schools, Total",2006,35
Kwara,"Private secondary schools, Total",2007,80
Kwara,"Private secondary schools, Total",2008,76
Kwara,"Private secondary schools, Total",2009,77
Kwara,"Public Primary School, Total",2005,1521
Kwara,"Public Primary School, Total",2006,1464
Kwara,"Public Primary School, Total",2007,1495
Kwara,"Public Primary School, Total",2008,1495
Kwara,"Public Primary School, Total",2009,1658
Kwara,"Public Secondary schools, Total",2005,267
Kwara,"Public Secondary schools, Total",2006,267
Kwara,"Public Secondary schools, Total",2007,544
Kwara,"Public Secondary schools, Total",2008,544
Kwara,"Public Secondary schools, Total",2009,544
Kogi,"Pupils in Primary School, Total",1999,528722
Kogi,"Pupils in Primary School, Total",2000,626654
Kogi,"Pupils in Primary School, Total",2001,636579
Kogi,"Pupils in Primary School, Total",2002,676120
Kogi,"Pupils in Primary School, Total",2003,676120
Kogi,"Pupils in Primary School, Total",2004,832404
Kogi,"Pupils in Primary School, Total",2005,861898
Kogi,"Pupils in Primary School, Total",2006,978189
Kogi,"Pupils in Primary School, Total",2007,937851
Kogi,"Pupils in Primary School, Total",2008,740049
Kogi,"Pupils in Primary School, Total",2009,1128027
Kogi,"Number of nomadic primary school, Total",2004,13
Kogi,"Number of nomadic primary school, Total",2005,13
Kogi,"Number of nomadic primary school, Total",2006,13
Kogi,"Number of nomadic primary school, Total",2007,13
Kogi,"Number of nomadic primary school, Total",2008,13
Kogi,"Number of nomadic primary school pupils, Total",2004,1361
Kogi,"Number of nomadic primary school pupils, Total",2005,1378
Kogi,"Number of nomadic primary school pupils, Total",2006,1378
Kogi,"Number of nomadic primary school pupils, Total",2007,1378
Kogi,"Number of nomadic primary school pupils, Total",2008,2758
Kogi,"Private secondary schools, Total",2006,62
Kogi,"Private secondary schools, Total",2007,109
Kogi,"Public Primary School, Total",2005,2007
Kogi,"Public Primary School, Total",2006,2765
Kogi,"Public Primary School, Total",2007,2839
Kogi,"Public Primary School, Total",2008,2906
Kogi,"Public Primary School, Total",2009,3188
Kogi,"Public Secondary schools, Total",2005,340
Kogi,"Public Secondary schools, Total",2006,340
Kogi,"Public Secondary schools, Total",2007,163
Kogi,"Public Secondary schools, Total",2008,163
Kogi,"Public Secondary schools, Total",2009,163
Kebbi,"Pupils in Primary School, Total",1999,255575
Kebbi,"Pupils in Primary School, Total",2000,238856
Kebbi,"Pupils in Primary School, Total",2001,241126
Kebbi,"Pupils in Primary School, Total",2002,276956
Kebbi,"Pupils in Primary School, Total",2003,276956
Kebbi,"Pupils in Primary School, Total",2004,309228
Kebbi,"Pupils in Primary School, Total",2005,324469
Kebbi,"Pupils in Primary School, Total",2006,348591
Kebbi,"Pupils in Primary School, Total",2007,330471
Kebbi,"Pupils in Primary School, Total",2008,412425
Kebbi,"Pupils in Primary School, Total",2009,345966
Kebbi,"Number of nomadic primary school, Total",2004,63
Kebbi,"Number of nomadic primary school, Total",2005,63
Kebbi,"Number of nomadic primary school, Total",2006,63
Kebbi,"Number of nomadic primary school, Total",2007,57
Kebbi,"Number of nomadic primary school, Total",2008,54
Kebbi,"Number of nomadic primary school pupils, Total",2004,4690
Kebbi,"Number of nomadic primary school pupils, Total",2005,4834
Kebbi,"Number of nomadic primary school pupils, Total",2006,4834
Kebbi,"Number of nomadic primary school pupils, Total",2007,4331
Kebbi,"Number of nomadic primary school pupils, Total",2008,6941
Kebbi,"Private secondary schools, Total",2006,1
Kebbi,"Private secondary schools, Total",2007,5
Kebbi,"Public Primary School, Total",2005,1421
Kebbi,"Public Primary School, Total",2006,1614
Kebbi,"Public Primary School, Total",2007,1646
Kebbi,"Public Primary School, Total",2008,1504
Kebbi,"Public Primary School, Total",2009,1587
Kebbi,"Public Secondary schools, Total",2005,78
Kebbi,"Public Secondary schools, Total",2006,78
Kebbi,"Public Secondary schools, Total",2007,329
Kebbi,"Public Secondary schools, Total",2008,329
Kebbi,"Public Secondary schools, Total",2009,329
Katsina,"Pupils in Primary School, Total",1999,430049
Katsina,"Pupils in Primary School, Total",2000,638443
Katsina,"Pupils in Primary School, Total",2001,650280
Katsina,"Pupils in Primary School, Total",2002,635250
Katsina,"Pupils in Primary School, Total",2003,635250
Katsina,"Pupils in Primary School, Total",2004,907912
Katsina,"Pupils in Primary School, Total",2005,978444
Katsina,"Pupils in Primary School, Total",2006,1059450
Katsina,"Pupils in Primary School, Total",2007,1112550
Katsina,"Pupils in Primary School, Total",2008,1133402
Katsina,"Pupils in Primary School, Total",2009,802126
Katsina,"Number of nomadic primary school, Total",2004,73
Katsina,"Number of nomadic primary school, Total",2005,73
Katsina,"Number of nomadic primary school, Total",2006,73
Katsina,"Number of nomadic primary school, Total",2007,71
Katsina,"Number of nomadic primary school, Total",2008,71
Katsina,"Number of nomadic primary school pupils, Total",2004,26214
Katsina,"Number of nomadic primary school pupils, Total",2005,26845
Katsina,"Number of nomadic primary school pupils, Total",2006,26845
Katsina,"Number of nomadic primary school pupils, Total",2007,22072
Katsina,"Number of nomadic primary school pupils, Total",2008,26252
Katsina,"Private secondary schools, Total",2006,27
Katsina,"Private secondary schools, Total",2007,41
Katsina,"Public Primary School, Total",2005,2025
Katsina,"Public Primary School, Total",2006,2275
Katsina,"Public Primary School, Total",2007,2311
Katsina,"Public Primary School, Total",2008,2353
Katsina,"Public Primary School, Total",2009,2353
Katsina,"Public Secondary schools, Total",2005,157
Katsina,"Public Secondary schools, Total",2006,157
Katsina,"Public Secondary schools, Total",2007,774
Katsina,"Public Secondary schools, Total",2008,774
Katsina,"Public Secondary schools, Total",2009,774
Kano,"Pupils in Primary School, Total",1999,1103382
Kano,"Pupils in Primary School, Total",2000,1283100
Kano,"Pupils in Primary School, Total",2001,1190954
Kano,"Pupils in Primary School, Total",2002,1229301
Kano,"Pupils in Primary School, Total",2003,1229301
Kano,"Pupils in Primary School, Total",2004,1329638
Kano,"Pupils in Primary School, Total",2005,1394556
Kano,"Pupils in Primary School, Total",2006,1277767
Kano,"Pupils in Primary School, Total",2007,1416986
Kano,"Pupils in Primary School, Total",2008,1524275
Kano,"Pupils in Primary School, Total",2009,1754115
Kano,"Number of nomadic primary school, Total",2004,33
Kano,"Number of nomadic primary school, Total",2005,33
Kano,"Number of nomadic primary school, Total",2006,33
Kano,"Number of nomadic primary school, Total",2007,68
Kano,"Number of nomadic primary school, Total",2008,59
Kano,"Number of nomadic primary school pupils, Total",2004,11465
Kano,"Number of nomadic primary school pupils, Total",2005,11472
Kano,"Number of nomadic primary school pupils, Total",2006,11472
Kano,"Number of nomadic primary school pupils, Total",2007,39225
Kano,"Number of nomadic primary school pupils, Total",2008,39225
Kano,"Private secondary schools, Total",2006,29
Kano,"Private secondary schools, Total",2007,127
Kano,"Public Primary School, Total",2005,3450
Kano,"Public Primary School, Total",2006,3875
Kano,"Public Primary School, Total",2007,4440
Kano,"Public Primary School, Total",2008,4813
Kano,"Public Primary School, Total",2009,4813
Kano,"Public Secondary schools, Total",2005,517
Kano,"Public Secondary schools, Total",2006,517
Kano,"Public Secondary schools, Total",2007,683
Kano,"Public Secondary schools, Total",2008,683
Kano,"Public Secondary schools, Total",2009,683
Jigawa,"Pupils in Primary School, Total",1999,369582
Jigawa,"Pupils in Primary School, Total",2000,488030
Jigawa,"Pupils in Primary School, Total",2001,459268
Jigawa,"Pupils in Primary School, Total",2002,433639
Jigawa,"Pupils in Primary School, Total",2003,433639
Jigawa,"Pupils in Primary School, Total",2004,559701
Jigawa,"Pupils in Primary School, Total",2005,576212
Jigawa,"Pupils in Primary School, Total",2006,384056
Jigawa,"Pupils in Primary School, Total",2007,487812
Jigawa,"Pupils in Primary School, Total",2008,398030
Jigawa,"Pupils in Primary School, Total",2009,415434
Jigawa,"Number of nomadic primary school, Total",2004,58
Jigawa,"Number of nomadic primary school, Total",2005,59
Jigawa,"Number of nomadic primary school, Total",2006,59
Jigawa,"Number of nomadic primary school, Total",2007,127
Jigawa,"Number of nomadic primary school, Total",2008,105
Jigawa,"Number of nomadic primary school pupils, Total",2004,7824
Jigawa,"Number of nomadic primary school pupils, Total",2005,7991
Jigawa,"Number of nomadic primary school pupils, Total",2006,7991
Jigawa,"Number of nomadic primary school pupils, Total",2007,10817
Jigawa,"Number of nomadic primary school pupils, Total",2008,11362
Jigawa,"Private secondary schools, Total",2006,2
Jigawa,"Private secondary schools, Total",2007,5
Jigawa,"Public Primary School, Total",2005,1683
Jigawa,"Public Primary School, Total",2006,1959
Jigawa,"Public Primary School, Total",2007,2114
Jigawa,"Public Primary School, Total",2008,1788
Jigawa,"Public Primary School, Total",2009,1868
Jigawa,"Public Secondary schools, Total",2005,344
Jigawa,"Public Secondary schools, Total",2006,344
Jigawa,"Public Secondary schools, Total",2007,781
Jigawa,"Public Secondary schools, Total",2008,781
Jigawa,"Public Secondary schools, Total",2009,781
Kaduna,"Pupils in Primary School, Total",1999,677288
Kaduna,"Pupils in Primary School, Total",2000,522421
Kaduna,"Pupils in Primary School, Total",2001,632020
Kaduna,"Pupils in Primary School, Total",2002,990151
Kaduna,"Pupils in Primary School, Total",2003,990151
Kaduna,"Pupils in Primary School, Total",2004,912606
Kaduna,"Pupils in Primary School, Total",2005,874010
Kaduna,"Pupils in Primary School, Total",2006,855595
Kaduna,"Pupils in Primary School, Total",2007,902571
Kaduna,"Pupils in Primary School, Total",2008,852781
Kaduna,"Pupils in Primary School, Total",2009,953389
Kaduna,"Number of nomadic primary school, Total",2004,130
Kaduna,"Number of nomadic primary school, Total",2005,135
Kaduna,"Number of nomadic primary school, Total",2006,135
Kaduna,"Number of nomadic primary school, Total",2007,135
Kaduna,"Number of nomadic primary school, Total",2008,137
Kaduna,"Number of nomadic primary school pupils, Total",2004,21910
Kaduna,"Number of nomadic primary school pupils, Total",2005,28494
Kaduna,"Number of nomadic primary school pupils, Total",2006,28494
Kaduna,"Number of nomadic primary school pupils, Total",2007,28494
Kaduna,"Number of nomadic primary school pupils, Total",2008,27400
Kaduna,"Private secondary schools, Total",2006,56
Kaduna,"Private secondary schools, Total",2007,129
Kaduna,"Public Primary School, Total",2005,3409
Kaduna,"Public Primary School, Total",2006,3715
Kaduna,"Public Primary School, Total",2007,4166
Kaduna,"Public Primary School, Total",2008,4341
Kaduna,"Public Primary School, Total",2009,4341
Kaduna,"Public Secondary schools, Total",2005,235
Kaduna,"Public Secondary schools, Total",2006,235
Ogun,"Pupils in Primary School, Total",1999,482412
Ogun,"Pupils in Primary School, Total",2000,457437
Ogun,"Pupils in Primary School, Total",2001,387532
Ogun,"Pupils in Primary School, Total",2002,441912
Ogun,"Pupils in Primary School, Total",2003,441912
Ogun,"Pupils in Primary School, Total",2004,442687
Ogun,"Pupils in Primary School, Total",2005,442492
Ogun,"Pupils in Primary School, Total",2006,353855
Ogun,"Pupils in Primary School, Total",2007,388930
Ogun,"Pupils in Primary School, Total",2008,359753
Ogun,"Pupils in Primary School, Total",2009,388930
Ogun,"Number of nomadic primary school, Total",2004,16
Ogun,"Number of nomadic primary school, Total",2005,16
Ogun,"Number of nomadic primary school, Total",2006,16
Ogun,"Number of nomadic primary school, Total",2007,16
Ogun,"Number of nomadic primary school, Total",2008,13
Ogun,"Number of nomadic primary school pupils, Total",2004,4091
Ogun,"Number of nomadic primary school pupils, Total",2005,4087
Ogun,"Number of nomadic primary school pupils, Total",2006,4087
Ogun,"Number of nomadic primary school pupils, Total",2007,4087
Ogun,"Number of nomadic primary school pupils, Total",2008,2656
Ogun,"Private secondary schools, Total",2006,138
Ogun,"Private secondary schools, Total",2007,256
Ogun,"Public Primary School, Total",2005,1873
Ogun,"Public Primary School, Total",2006,1889
Ogun,"Public Primary School, Total",2007,1945
Ogun,"Public Primary School, Total",2008,1921
Ogun,"Public Primary School, Total",2009,1921
Ogun,"Public Secondary schools, Total",2005,348
Ogun,"Public Secondary schools, Total",2006,348
Ogun,"Public Secondary schools, Total",2007,332
Ogun,"Public Secondary schools, Total",2008,332
Ogun,"Public Secondary schools, Total",2009,332
Ondo,"Pupils in Primary School, Total",1999,326278
Ondo,"Pupils in Primary School, Total",2000,526448
Ondo,"Pupils in Primary School, Total",2001,521343
Ondo,"Pupils in Primary School, Total",2002,539433
Ondo,"Pupils in Primary School, Total",2003,539433
Ondo,"Pupils in Primary School, Total",2004,609469
Ondo,"Pupils in Primary School, Total",2005,652656
Ondo,"Pupils in Primary School, Total",2006,744120
Ondo,"Pupils in Primary School, Total",2007,740947
Ondo,"Pupils in Primary School, Total",2008,860306
Ondo,"Pupils in Primary School, Total",2009,635041
Ondo,"Number of nomadic primary school, Total",2004,14
Ondo,"Number of nomadic primary school, Total",2005,15
Ondo,"Number of nomadic primary school, Total",2006,15
Ondo,"Number of nomadic primary school, Total",2007,15
Ondo,"Number of nomadic primary school, Total",2008,16
Ondo,"Number of nomadic primary school pupils, Total",2004,3797
Ondo,"Number of nomadic primary school pupils, Total",2005,3882
Ondo,"Number of nomadic primary school pupils, Total",2006,3882
Ondo,"Number of nomadic primary school pupils, Total",2007,3882
Ondo,"Number of nomadic primary school pupils, Total",2008,3279
Ondo,"Private secondary schools, Total",2006,102
Ondo,"Private secondary schools, Total",2007,206
Ondo,"Public Primary School, Total",2005,1650
Ondo,"Public Primary School, Total",2006,1949
Ondo,"Public Primary School, Total",2007,2009
Ondo,"Public Primary School, Total",2008,1973
Ondo,"Public Primary School, Total",2009,1164
Ondo,"Public Secondary schools, Total",2005,370
Ondo,"Public Secondary schools, Total",2006,370
Ondo,"Public Secondary schools, Total",2007,844
Ondo,"Public Secondary schools, Total",2008,844
Ondo,"Public Secondary schools, Total",2009,844
Osun,"Pupils in Primary School, Total",1999,520015
Osun,"Pupils in Primary School, Total",2000,457472
Osun,"Pupils in Primary School, Total",2001,399427
Osun,"Pupils in Primary School, Total",2002,509584
Osun,"Pupils in Primary School, Total",2003,509584
Osun,"Pupils in Primary School, Total",2004,410674
Osun,"Pupils in Primary School, Total",2005,411546
Osun,"Pupils in Primary School, Total",2006,395254
Osun,"Pupils in Primary School, Total",2007,406290
Osun,"Pupils in Primary School, Total",2008,354006
Osun,"Pupils in Primary School, Total",2009,347515
Osun,"Number of nomadic primary school, Total",2004,32
Osun,"Number of nomadic primary school, Total",2005,32
Osun,"Number of nomadic primary school, Total",2006,32
Osun,"Number of nomadic primary school, Total",2007,32
Osun,"Number of nomadic primary school, Total",2008,35
Osun,"Number of nomadic primary school pupils, Total",2004,2362
Osun,"Number of nomadic primary school pupils, Total",2005,2416
Osun,"Number of nomadic primary school pupils, Total",2006,2416
Osun,"Number of nomadic primary school pupils, Total",2007,2416
Osun,"Number of nomadic primary school pupils, Total",2008,8153
Osun,"Private secondary schools, Total",2006,90
Osun,"Private secondary schools, Total",2007,235
Osun,"Private secondary schools, Total",2008,235
Osun,"Private secondary schools, Total",2009,261
Osun,"Public Primary School, Total",2005,1686
Osun,"Public Primary School, Total",2006,1687
Osun,"Public Primary School, Total",2007,1703
Osun,"Public Primary School, Total",2008,1760
Osun,"Public Primary School, Total",2009,1760
Osun,"Public Secondary schools, Total",2005,469
Osun,"Public Secondary schools, Total",2006,469
Osun,"Public Secondary schools, Total",2007,690
Osun,"Public Secondary schools, Total",2008,690
Osun,"Public Secondary schools, Total",2009,690
Oyo,"Pupils in Primary School, Total",1999,773220
Oyo,"Pupils in Primary School, Total",2000,809896
Oyo,"Pupils in Primary School, Total",2001,702627
Oyo,"Pupils in Primary School, Total",2002,774403
Oyo,"Pupils in Primary School, Total",2003,774403
Oyo,"Pupils in Primary School, Total",2004,834250
Oyo,"Pupils in Primary School, Total",2005,882417
Oyo,"Pupils in Primary School, Total",2006,1172032
Oyo,"Pupils in Primary School, Total",2007,993913
Oyo,"Pupils in Primary School, Total",2008,793670
Oyo,"Pupils in Primary School, Total",2009,687313
Oyo,"Number of nomadic primary school, Total",2004,18
Oyo,"Number of nomadic primary school, Total",2005,20
Oyo,"Number of nomadic primary school, Total",2006,27
Oyo,"Number of nomadic primary school, Total",2007,27
Oyo,"Number of nomadic primary school, Total",2008,100
Oyo,"Number of nomadic primary school pupils, Total",2004,3556
Oyo,"Number of nomadic primary school pupils, Total",2005,3617
Oyo,"Number of nomadic primary school pupils, Total",2006,4411
Oyo,"Number of nomadic primary school pupils, Total",2007,4411
Oyo,"Number of nomadic primary school pupils, Total",2008,11185
Oyo,"Private secondary schools, Total",2006,95
Oyo,"Private secondary schools, Total",2007,245
Oyo,"Public Primary School, Total",2005,2618
Oyo,"Public Primary School, Total",2006,2822
Oyo,"Public Primary School, Total",2007,2973
Oyo,"Public Primary School, Total",2008,2992
Oyo,"Public Primary School, Total",2009,2992
Oyo,"Public Secondary schools, Total",2005,806
Oyo,"Public Secondary schools, Total",2006,806
Oyo,"Public Secondary schools, Total",2007,902
Oyo,"Public Secondary schools, Total",2008,902
Oyo,"Public Secondary schools, Total",2009,902
Plateau,"Pupils in Primary School, Total",1999,519367
Plateau,"Pupils in Primary School, Total",2000,510132
Plateau,"Pupils in Primary School, Total",2001,531557
Plateau,"Pupils in Primary School, Total",2002,604120
Plateau,"Pupils in Primary School, Total",2003,604120
Plateau,"Pupils in Primary School, Total",2004,693583
Plateau,"Pupils in Primary School, Total",2005,718199
Plateau,"Pupils in Primary School, Total",2006,789169
Plateau,"Pupils in Primary School, Total",2007,679554
Plateau,"Pupils in Primary School, Total",2008,782273
Plateau,"Number of nomadic primary school, Total",2004,111
Plateau,"Number of nomadic primary school, Total",2005,111
Plateau,"Number of nomadic primary school, Total",2006,111
Plateau,"Number of nomadic primary school, Total",2007,111
Plateau,"Number of nomadic primary school, Total",2008,134
Plateau,"Number of nomadic primary school pupils, Total",2004,29257
Plateau,"Number of nomadic primary school pupils, Total",2005,29318
Plateau,"Number of nomadic primary school pupils, Total",2006,29318
Plateau,"Number of nomadic primary school pupils, Total",2007,29318
Plateau,"Number of nomadic primary school pupils, Total",2008,32105
Plateau,"Private secondary schools, Total",2006,103
Plateau,"Private secondary schools, Total",2007,295
Plateau,"Private secondary schools, Total",2008,295
Plateau,"Public Primary School, Total",2005,1837
Plateau,"Public Primary School, Total",2006,1881
Plateau,"Public Primary School, Total",2007,1975
Plateau,"Public Primary School, Total",2008,1989
Plateau,"Public Secondary schools, Total",2005,481
Plateau,"Public Secondary schools, Total",2006,481
Plateau,"Public Secondary schools, Total",2007,1143
Plateau,"Public Secondary schools, Total",2008,1143
Plateau,"Public Secondary schools, Total",2009,1143
Rivers,"Pupils in Primary School, Total",1999,353558
Rivers,"Pupils in Primary School, Total",2000,417693
Rivers,"Pupils in Primary School, Total",2001,457434
Rivers,"Pupils in Primary School, Total",2002,526889
Rivers,"Pupils in Primary School, Total",2003,526889
Rivers,"Pupils in Primary School, Total",2004,355488
Rivers,"Pupils in Primary School, Total",2005,346986
Rivers,"Pupils in Primary School, Total",2006,343002
Rivers,"Pupils in Primary School, Total",2007,366957
Rivers,"Pupils in Primary School, Total",2008,235819
Rivers,"Pupils in Primary School, Total",2009,366957
Rivers,"Number of nomadic primary school, Total",2004,51
Rivers,"Number of nomadic primary school, Total",2005,54
Rivers,"Number of nomadic primary school, Total",2006,54
Rivers,"Number of nomadic primary school, Total",2007,54
Rivers,"Number of nomadic primary school, Total",2008,57
Rivers,"Number of nomadic primary school pupils, Total",2004,6696
Rivers,"Number of nomadic primary school pupils, Total",2005,6855
Rivers,"Number of nomadic primary school pupils, Total",2006,6855
Rivers,"Number of nomadic primary school pupils, Total",2007,6855
Rivers,"Number of nomadic primary school pupils, Total",2008,7095
Rivers,"Private secondary schools, Total",2006,43
Rivers,"Private secondary schools, Total",2007,117
Rivers,"Public Primary School, Total",2005,1080
Rivers,"Public Primary School, Total",2006,1523
Rivers,"Public Primary School, Total",2007,1649
Rivers,"Public Primary School, Total",2008,1662
Rivers,"Public Primary School, Total",2009,1667
Rivers,"Public Secondary schools, Total",2005,310
Rivers,"Public Secondary schools, Total",2006,310
Rivers,"Public Secondary schools, Total",2007,800
Rivers,"Public Secondary schools, Total",2008,800
Rivers,"Public Secondary schools, Total",2009,800
Sokoto,"Pupils in Primary School, Total",1999,224599
Sokoto,"Pupils in Primary School, Total",2000,566664
Sokoto,"Pupils in Primary School, Total",2001,588181
Sokoto,"Pupils in Primary School, Total",2002,691126
Sokoto,"Pupils in Primary School, Total",2003,691126
Sokoto,"Pupils in Primary School, Total",2004,616080
Sokoto,"Pupils in Primary School, Total",2005,630426
Sokoto,"Pupils in Primary School, Total",2006,470118
Sokoto,"Pupils in Primary School, Total",2007,285263
Sokoto,"Pupils in Primary School, Total",2008,332810
Sokoto,"Pupils in Primary School, Total",2009,758108
Sokoto,"Number of nomadic primary school, Total",2004,50
Sokoto,"Number of nomadic primary school, Total",2005,50
Sokoto,"Number of nomadic primary school, Total",2006,50
Sokoto,"Number of nomadic primary school, Total",2007,50
Sokoto,"Number of nomadic primary school, Total",2008,41
Sokoto,"Number of nomadic primary school pupils, Total",2004,8035
Sokoto,"Number of nomadic primary school pupils, Total",2005,8147
Sokoto,"Number of nomadic primary school pupils, Total",2006,8147
Sokoto,"Number of nomadic primary school pupils, Total",2007,5382
Sokoto,"Number of nomadic primary school pupils, Total",2008,7260
Sokoto,"Private secondary schools, Total",2007,9
Sokoto,"Public Primary School, Total",2005,2118
Sokoto,"Public Primary School, Total",2006,2814
Sokoto,"Public Primary School, Total",2007,1325
Sokoto,"Public Primary School, Total",2008,2885
Sokoto,"Public Primary School, Total",2009,1967
Sokoto,"Public Secondary schools, Total",2005,73
Sokoto,"Public Secondary schools, Total",2006,73
Sokoto,"Public Secondary schools, Total",2007,535
Sokoto,"Public Secondary schools, Total",2008,535
Sokoto,"Public Secondary schools, Total",2009,535
Taraba,"Pupils in Primary School, Total",1999,397933
Taraba,"Pupils in Primary School, Total",2000,504083
Taraba,"Pupils in Primary School, Total",2001,542456
Taraba,"Pupils in Primary School, Total",2002,475152
Taraba,"Pupils in Primary School, Total",2003,475152
Taraba,"Pupils in Primary School, Total",2004,653480
Taraba,"Pupils in Primary School, Total",2005,663412
Taraba,"Pupils in Primary School, Total",2006,565705
Taraba,"Pupils in Primary School, Total",2007,597508
Taraba,"Pupils in Primary School, Total",2008,593357
Taraba,"Pupils in Primary School, Total",2009,472300
Taraba,"Number of nomadic primary school, Total",2004,101
Taraba,"Number of nomadic primary school, Total",2005,104
Taraba,"Number of nomadic primary school, Total",2006,104
Taraba,"Number of nomadic primary school, Total",2007,104
Taraba,"Number of nomadic primary school, Total",2008,97
Taraba,"Number of nomadic primary school pupils, Total",2004,17929
Taraba,"Number of nomadic primary school pupils, Total",2005,18988
Taraba,"Number of nomadic primary school pupils, Total",2006,18938
Taraba,"Number of nomadic primary school pupils, Total",2007,18938
Taraba,"Number of nomadic primary school pupils, Total",2008,11543
Taraba,"Private secondary schools, Total",2006,22
Taraba,"Private secondary schools, Total",2007,62
Taraba,"Public Primary School, Total",2005,1679
Taraba,"Public Primary School, Total",2006,1495
Taraba,"Public Primary School, Total",2007,1513
Taraba,"Public Primary School, Total",2008,1513
Taraba,"Public Primary School, Total",2009,1514
Taraba,"Public Secondary schools, Total",2005,204
Taraba,"Public Secondary schools, Total",2006,204
Taraba,"Public Secondary schools, Total",2007,91
Taraba,"Public Secondary schools, Total",2008,91
Taraba,"Public Secondary schools, Total",2009,91
Yobe,"Pupils in Primary School, Total",1999,593214
Yobe,"Pupils in Primary School, Total",2000,657793
Yobe,"Pupils in Primary School, Total",2001,847945
Yobe,"Pupils in Primary School, Total",2002,379323
Yobe,"Pupils in Primary School, Total",2003,379323
Yobe,"Pupils in Primary School, Total",2004,460314
Yobe,"Pupils in Primary School, Total",2005,491321
Yobe,"Pupils in Primary School, Total",2006,568764
Yobe,"Pupils in Primary School, Total",2007,513260
Yobe,"Pupils in Primary School, Total",2008,471218
Yobe,"Pupils in Primary School, Total",2009,626913
Yobe,"Number of nomadic primary school, Total",2004,48
Yobe,"Number of nomadic primary school, Total",2005,50
Yobe,"Number of nomadic primary school, Total",2006,50
Yobe,"Number of nomadic primary school, Total",2007,50
Yobe,"Number of nomadic primary school, Total",2008,50
Yobe,"Number of nomadic primary school pupils, Total",2004,5698
Yobe,"Number of nomadic primary school pupils, Total",2005,5861
Yobe,"Number of nomadic primary school pupils, Total",2006,5861
Yobe,"Number of nomadic primary school pupils, Total",2007,5861
Yobe,"Number of nomadic primary school pupils, Total",2008,5757
Yobe,"Private secondary schools, Total",2006,4
Yobe,"Private secondary schools, Total",2007,7
Yobe,"Public Primary School, Total",2005,950
Yobe,"Public Primary School, Total",2006,1125
Yobe,"Public Primary School, Total",2007,1191
Yobe,"Public Primary School, Total",2008,1200
Yobe,"Public Primary School, Total",2009,1013
Yobe,"Public Secondary schools, Total",2005,57
Yobe,"Public Secondary schools, Total",2006,57
Yobe,"Public Secondary schools, Total",2007,289
Yobe,"Public Secondary schools, Total",2008,289
Yobe,"Public Secondary schools, Total",2009,289
Zamfara,"Pupils in Primary School, Total",1999,167948
Zamfara,"Pupils in Primary School, Total",2000,286295
Zamfara,"Pupils in Primary School, Total",2001,288155
Zamfara,"Pupils in Primary School, Total",2002,249047
Zamfara,"Pupils in Primary School, Total",2003,249047
Zamfara,"Pupils in Primary School, Total",2004,331335
Zamfara,"Pupils in Primary School, Total",2005,350627
Zamfara,"Pupils in Primary School, Total",2006,347174
Zamfara,"Pupils in Primary School, Total",2007,290381
Zamfara,"Pupils in Primary School, Total",2008,283716
Zamfara,"Pupils in Primary School, Total",2009,300390
Zamfara,"Number of nomadic primary school, Total",2004,32
Zamfara,"Number of nomadic primary school, Total",2005,32
Zamfara,"Number of nomadic primary school, Total",2006,32
Zamfara,"Number of nomadic primary school, Total",2007,37
Zamfara,"Number of nomadic primary school, Total",2008,31
Zamfara,"Number of nomadic primary school pupils, Total",2004,3376
Zamfara,"Number of nomadic primary school pupils, Total",2005,3554
Zamfara,"Number of nomadic primary school pupils, Total",2006,3554
Zamfara,"Number of nomadic primary school pupils, Total",2007,3651
Zamfara,"Number of nomadic primary school pupils, Total",2008,3847
Zamfara,"Private secondary schools, Total",2006,4
Zamfara,"Private secondary schools, Total",2007,7
Zamfara,"Public Primary School, Total",2005,1058
Zamfara,"Public Primary School, Total",2006,1246
Zamfara,"Public Primary School, Total",2007,1286
Zamfara,"Public Primary School, Total",2008,1408
Zamfara,"Public Primary School, Total",2009,1408
Zamfara,"Public Secondary schools, Total",2005,47
Zamfara,"Public Secondary schools, Total",2006,47
Zamfara,"Public Secondary schools, Total",2007,254
Zamfara,"Public Secondary schools, Total",2008,254
Zamfara,"Public Secondary schools, Total",2009,254